sample_id,plot,niche,quad,peak_area,ppm,blank_corr
2022_06_07_REH_Nfix_spring_173,BiscBas,Lichen,SE,21739.3,3.519344,0.752444
2022_06_07_REH_Nfix_spring_174,BiscBas,Lichen,SW,12344.2,2.767736,0.000836
2022_06_07_REH_Nfix_spring_175,BiscBas,Lichen,NW,17316.6,3.165528,0.398628
2022_06_07_REH_Nfix_spring_176,BiscBas,Lichen,Blank,18584.4,3.266952,0.500052
2022_06_07_REH_Nfix_spring_179,BiscBas,Lichen,NE,15554.4,3.024552,0.257652
2022_06_07_REH_Nfix_spring_177,FirLopSo,Lichen,NE,3774420,303.7338,300.9669
2022_06_07_REH_Nfix_spring_178,FirLopSo,Lichen,SE,64123.3,6.910064,4.143164
2022_06_07_REH_Nfix_spring_180,FirLopSo,Lichen,SW,13776.4,2.882312,0.115412
2022_06_07_REH_Nfix_spring_099,FounEast,Lichen,SW,19673.6,3.735588,0.968688
2022_06_07_REH_Nfix_spring_101,FounEast,Lichen,NE,42524.3,5.563644,2.796744
2022_06_07_REH_Nfix_spring_104,FounEast,Lichen,NW,1878.8,2.312004,-0.454896
2022_06_07_REH_Nfix_spring_139,GibFalls,Lichen,NE,8155.3,2.432624,-0.334276
2022_06_07_REH_Nfix_spring_142,GibFalls,Lichen,NW,11315,2.6854,-0.0815
2022_06_07_REH_Nfix_spring_127,GravPit,Lichen,NE,725721.5,59.83792,57.07102
2022_06_07_REH_Nfix_spring_128,GravPit,Lichen,NW,36040.1,4.663408,1.896508
2022_06_07_REH_Nfix_spring_137,GravPit,Lichen,SW,5537.1,2.223168,-0.543732
2022_06_07_REH_Nfix_spring_122,BiscBas,Litter,NW,6618.7,2.309696,-0.505660667
2022_06_07_REH_Nfix_spring_123,BiscBas,Litter,NE,17631.6,3.190728,0.375371333
2022_06_07_REH_Nfix_spring_124,BiscBas,Litter,Blank,8751.8,2.480344,-0.335012667
2022_06_07_REH_Nfix_spring_184,BiscBas,Litter,SW,11962.5,2.7372,-0.078156667
2022_06_07_REH_Nfix_spring_185,BiscBas,Litter,SE,3007.8,2.020824,-0.794532667
2022_06_07_REH_Nfix_spring_118,FirLopSo,Litter,SW,6501.5,2.30032,-0.515036667
2022_06_07_REH_Nfix_spring_120,FirLopSo,Litter,NE,8360.4,2.449032,-0.366324667
2022_06_07_REH_Nfix_spring_181,FirLopSo,Litter,SE,11537.3,2.703184,-0.112172667
2022_06_07_REH_Nfix_spring_182,FirLopSo,Litter,Blank,11796,2.72388,-0.091476667
2022_06_07_REH_Nfix_spring_183,FirLopSo,Litter,NW,13396.7,2.851936,0.036579333
2022_06_07_REH_Nfix_spring_100,FounEast,Litter,NW,11541.8,3.085044,0.269687333
2022_06_07_REH_Nfix_spring_102,FounEast,Litter,NE,15172.7,3.375516,0.560159333
2022_06_07_REH_Nfix_spring_103,FounEast,Litter,SW,17652.9,3.573932,0.758575333
2022_06_07_REH_Nfix_spring_140,GibFalls,Litter,NW,13305.2,2.844616,0.029259333
2022_06_07_REH_Nfix_spring_141,GibFalls,Litter,SW,12077,2.74636,-0.068996667
2022_06_07_REH_Nfix_spring_126,GravPit,Litter,NE,18500.4,3.260232,0.444875333
2022_06_07_REH_Nfix_spring_134,GravPit,Litter,NW,16353.5,3.08848,0.273123333
2022_06_07_REH_Nfix_spring_138,GravPit,Litter,SW,9814,2.56532,-0.250036667
2022_06_07_REH_Nfix_spring_150,BiscBas,Moss,NE,363796.4,30.883912,27.987116
2022_06_07_REH_Nfix_spring_151,BiscBas,Moss,SE,63218.5,6.83768,3.940884
2022_06_07_REH_Nfix_spring_152,BiscBas,Moss,SW,117100.8,11.148264,8.251468
2022_06_07_REH_Nfix_spring_153,BiscBas,Moss,NW,7160.6,2.353048,-0.543748
2022_06_07_REH_Nfix_spring_154,BiscBas,Moss,Blank,33759.4,4.480952,1.584156
2022_06_02_REH_Nfix_spring_030,FirLopSo,Moss,Blank,22940.3,3.615424,0.718628
2022_06_07_REH_Nfix_spring_155,FirLopSo,Moss,NW,23381.3,3.650704,0.753908
2022_06_07_REH_Nfix_spring_156,FirLopSo,Moss,NE,71293,7.48364,4.586844
2022_06_07_REH_Nfix_spring_157,FirLopSo,Moss,SE,42620.9,5.189872,2.293076
2022_06_07_REH_Nfix_spring_158,FirLopSo,Moss,SW,31656.4,4.312712,1.415916
2022_06_07_REH_Nfix_spring_094,FounEast,Moss,SW,18320,3.6273,0.730504
2022_06_07_REH_Nfix_spring_095,FounEast,Moss,NW,3445.3,2.437324,-0.459472
2022_06_07_REH_Nfix_spring_098,FounEast,Moss,NE,102531.6,10.364228,7.467432
2022_06_07_REH_Nfix_spring_143,GibFalls,Moss,SW,2041673.3,165.114064,162.217268
2022_06_07_REH_Nfix_spring_146,GibFalls,Moss,NW,1702.8,1.916424,-0.980372
2022_06_07_REH_Nfix_spring_147,GibFalls,Moss,NE,154954.4,14.176552,11.279756
2022_06_07_REH_Nfix_spring_132,GravPit,Moss,NW,628119.7,52.029776,49.13298
2022_06_07_REH_Nfix_spring_133,GravPit,Moss,SW,980189.1,80.195328,77.298532
2022_06_07_REH_Nfix_spring_136,GravPit,Moss,NE,21385.1,3.491008,0.594212
2022_06_07_REH_Nfix_spring_162,BiscBas,Soil,SW,16450.7,3.096256,1.121129333
2022_06_07_REH_Nfix_spring_163,BiscBas,Soil,NW,15301.4,3.004312,1.029185333
2022_06_07_REH_Nfix_spring_164,BiscBas,Soil,SE,30981.2,4.258696,2.283569333
2022_06_07_REH_Nfix_spring_165,BiscBas,Soil,NE,11863.8,2.729304,0.754177333
2022_06_07_REH_Nfix_spring_166,BiscBas,Soil,Blank,11863.8,2.729304,0.754177333
2022_06_07_REH_Nfix_spring_119,FirLopSo,Soil,Blank,9021.8,2.501944,0.526817333
2022_06_07_REH_Nfix_spring_121,FirLopSo,Soil,NW,16143,3.07164,1.096513333
2022_06_07_REH_Nfix_spring_159,FirLopSo,Soil,SW,8892.1,2.491568,0.516441333
2022_06_07_REH_Nfix_spring_160,FirLopSo,Soil,SE,14907.6,2.972808,0.997681333
2022_06_07_REH_Nfix_spring_161,FirLopSo,Soil,NE,14361.7,2.929136,0.954009333
2022_06_02_REH_Nfix_spring_021,FounEast,Soil,NW,12942.3,2.815584,0.840457333
2022_06_02_REH_Nfix_spring_023,FounEast,Soil,NE,13760.5,2.88104,0.905913333
2022_06_07_REH_Nfix_spring_092,FounEast,Soil,SW,9393.8,2.913204,0.938077333
2022_06_02_REH_Nfix_spring_018,GibFalls,Soil,NW,6127.2,2.270376,0.295249333
2022_06_02_REH_Nfix_spring_019,GibFalls,Soil,NE,16076,3.06628,1.091153333
2022_06_02_REH_Nfix_spring_020,GibFalls,Soil,SW,26303.2,3.884456,1.909329333
2022_06_02_REH_Nfix_spring_015,GravPit,Soil,SW,9618.9,2.549712,0.574585333
2022_06_02_REH_Nfix_spring_016,GravPit,Soil,NW,12474.8,2.778184,0.803057333
2022_06_02_REH_Nfix_spring_017,GravPit,Soil,NE,6296,2.28388,0.308753333
2022_06_07_REH_Nfix_spring_125,BiscBas,Wood,NW,2445,1.9758,-0.612041333
2022_06_07_REH_Nfix_spring_191,BiscBas,Wood,SW,2096.2,1.947896,-0.639945333
2022_06_07_REH_Nfix_spring_192,BiscBas,Wood,SE,26097,3.86796,1.280118667
2022_06_07_REH_Nfix_spring_193,BiscBas,Wood,NE,14139.1,2.911328,0.323486667
2022_06_07_REH_Nfix_spring_194,BiscBas,Wood,Blank,5611,2.22908,-0.358761333
2022_06_07_REH_Nfix_spring_186,FirLopSo,Wood,SW,19852.3,3.368384,0.780542667
2022_06_07_REH_Nfix_spring_187,FirLopSo,Wood,SE,10593.6,2.627688,0.039846667
2022_06_07_REH_Nfix_spring_188,FirLopSo,Wood,NE,138595,12.8678,10.27995867
2022_06_07_REH_Nfix_spring_189,FirLopSo,Wood,NW,7513.8,2.381304,-0.206537333
2022_06_07_REH_Nfix_spring_190,FirLopSo,Wood,Blank,5509.4,2.220952,-0.366889333
2022_06_07_REH_Nfix_spring_096,FounEast,Wood,SW,14278.9,3.304012,0.716170667
2022_06_07_REH_Nfix_spring_097,FounEast,Wood,NW,16017.4,3.443092,0.855250667
2022_06_07_REH_Nfix_spring_144,GibFalls,Wood,NW,22083.9,3.546912,0.959070667
2022_06_07_REH_Nfix_spring_145,GibFalls,Wood,NE,3495.5,2.05984,-0.528001333
2022_06_07_REH_Nfix_spring_129,GravPit,Wood,NW,49938.4,5.775272,3.187430667
2022_06_07_REH_Nfix_spring_130,GravPit,Wood,SW,2657.8,1.992824,-0.595017333
2022_06_07_REH_Nfix_spring_131,GravPit,Wood,NE,10484.5,2.61896,0.031118667
